04/23/2023,04:14 AM,05:30 AM,12:18 PM,03:45 PM,06:35 PM,07:50 PM
04/24/2023,04:13 AM,05:29 AM,12:18 PM,03:45 PM,06:35 PM,07:50 PM
04/25/2023,04:12 AM,05:28 AM,12:18 PM,03:46 PM,06:35 PM,07:50 PM
04/26/2023,04:11 AM,05:28 AM,12:18 PM,03:46 PM,06:35 PM,07:50 PM
04/27/2023,04:10 AM,05:27 AM,12:18 PM,03:46 PM,06:35 PM,07:50 PM
04/28/2023,04:09 AM,05:26 AM,12:18 PM,03:47 PM,06:35 PM,07:50 PM
04/29/2023,04:08 AM,05:26 AM,12:18 PM,03:47 PM,06:35 PM,07:50 PM
04/30/2023,04:07 AM,05:25 AM,12:18 PM,03:47 PM,06:35 PM,07:50 PM
05/01/2023,04:06 AM,05:24 AM,12:19 PM,03:48 PM,06:36 PM,07:51 PM
05/02/2023,04:05 AM,05:24 AM,12:19 PM,03:48 PM,06:36 PM,07:51 PM
05/03/2023,04:04 AM,05:23 AM,12:19 PM,03:48 PM,06:36 PM,07:51 PM
05/04/2023,04:03 AM,05:22 AM,12:19 PM,03:49 PM,06:36 PM,07:51 PM
05/05/2023,04:02 AM,05:22 AM,12:19 PM,03:49 PM,06:36 PM,07:51 PM
05/06/2023,04:01 AM,05:21 AM,12:19 PM,03:49 PM,06:36 PM,07:51 PM
05/07/2023,04:00 AM,05:20 AM,12:19 PM,03:50 PM,06:36 PM,07:51 PM
05/08/2023,03:59 AM,05:20 AM,12:19 PM,03:50 PM,06:37 PM,07:52 PM
05/09/2023,03:58 AM,05:19 AM,12:19 PM,03:50 PM,06:37 PM,07:52 PM
05/10/2023,03:57 AM,05:18 AM,12:19 PM,03:51 PM,06:37 PM,07:52 PM
05/11/2023,03:57 AM,05:18 AM,12:20 PM,03:51 PM,06:37 PM,07:52 PM
05/12/2023,03:56 AM,05:17 AM,12:20 PM,03:51 PM,06:38 PM,07:52 PM
05/13/2023,03:55 AM,05:17 AM,12:20 PM,03:52 PM,06:38 PM,07:53 PM
05/14/2023,03:54 AM,05:16 AM,12:20 PM,03:52 PM,06:38 PM,07:53 PM
05/15/2023,03:53 AM,05:15 AM,12:20 PM,03:53 PM,06:38 PM,07:53 PM
05/16/2023,03:53 AM,05:15 AM,12:20 PM,03:53 PM,06:38 PM,07:53 PM
05/17/2023,03:52 AM,05:14 AM,12:20 PM,03:53 PM,06:39 PM,07:54 PM
05/18/2023,03:51 AM,05:14 AM,12:20 PM,03:54 PM,06:39 PM,07:54 PM
05/19/2023,03:51 AM,05:13 AM,12:20 PM,03:54 PM,06:39 PM,07:54 PM
05/20/2023,03:50 AM,05:13 AM,12:20 PM,03:54 PM,06:39 PM,07:54 PM
05/21/2023,03:49 AM,05:12 AM,12:20 PM,03:55 PM,06:40 PM,07:55 PM
05/22/2023,03:49 AM,05:12 AM,12:20 PM,03:55 PM,06:40 PM,07:55 PM
05/23/2023,03:48 AM,05:11 AM,12:20 PM,03:56 PM,06:40 PM,07:55 PM
